{
  "swagger": "2.0",
  "info": {
    "version": "1.0.0",
    "title": "REST API",
    "description": ""
  },
  "host": "localhost:3000",
  "basePath": "/",
  "schemes": [
    "http"
  ],
  "paths": {
    "/": {
      "get": {
        "description": "Página principal dónde se ubica el buscador de parkings para autocaravanas según la selección del usuario. Pudiendo buscar parkings por parking/CA/Provincia al escribir en el buscador y que contenga los caracteres al realizar la búsqueda. Como a su vez una imagen que ilustra en qué se destaca la app web (filtrado de búsqueda de parkings).",
        "responses": {
          "200": {
            "description": "Carga correctamente la vista de la página inicial."
          },
          "500": {
            "description": "Error del servidor."
          }
        }
      }

    },
    "/login": {
      "get": {
        "description": "Vista correspondiente al Inicio de Sesión.",
        "responses": {
          "200": {
            "description": "Se carga con éxito la vista de Inicio de Sesión."
          }
        }
      },
      "post": {
        "description":"Introducción de datos de usuario en la vista de inicio de sesión.",
        "parameters": [
          {
            "name": "email",
            "in": "path",
            "required": true,
            "type": "string"
          },
          {
            "name": "password",
            "in": "path",
            "required": true,
            "type": "string"
          }
        ],
        "responses": {
          "200": {
            "description": "Según si se han introducido correctamente o no se carga la vista de inicio si ha sido con éxito, y en caso de no tenerlo se indica en esta vista que no se ha podido iniciar sesión."
          }
        }
      }
    },
    "/logout": {
      "get": {
        "description": "Al tener una sesión iniciada está la opción de cerrar sesión. De modo que se carga la vista de Inicio de Sesión, ejecutando esa acción de finalización.",
        "responses": {
          "200": {
            "description": "Cierre de sesión realizada con éxito."
          }
        }
      }
    },
    "/signup": {
      "get": {
        "description": "Vista correspondiente al Registro de Cuenta",
        "responses": {
          "200": {
            "description": "Carga con éxito de la vista."
          }
        }
      },
      "post": {
        "description": "Introducción de datos de usuario en la vista de Registro de Cuenta.",
        "parameters": [
          {
            "name": "name",
            "in": "path",
            "required": true,
            "type": "string"
          },
          {
            "name": "surname",
            "in": "path",
            "required": true,
            "type": "string"
          },
          {
            "name": "email",
            "in": "path",
            "required": true,
            "type": "string"
          },
          {
            "name": "password",
            "in": "path",
            "required": true,
            "type": "string"
          },
          {
            "name": "confirmPassword",
            "in": "path",
            "required": true,
            "type": "string"
          }
        ],
        "responses": {
          "200": {
            "description": "Correcto registro de cuenta."
          },
          "400": {
            "description": "Error al realizar el registro (campo requerido faltante)."
          }
        }
      }
    },
    "/guiaUso": {
      "get": {
        "description": "Vista correspondiente a la guía de Uso para el usuario. En la que se puede ver qué puede realizar de manera visual y detallada.",
        "responses": {
          "200": {
            "description": "Carga con éxito de la vista."
          },
          "400": {
            "description": "Posiblemente falte alguna imagen en la vista. Asegúrate de que esté el contenido de la carpeta guia."
          }
        }
      }
    },
    "/mapa": {
      "get": {
        "description": "Vista correspondiente al mapa con sus filtros y pop-ups. ",
        "responses": {
          "200": {
            "description": "Vista cargada con éxito del mapa."
          },
          "500": {
            "description": "Posiblemente te falte algún archivo de imagen como los correspondientes al favorito o quitar favorito en un pop-up. O fallo al no tener las librerías correspondientes a esta vista."
          }
        }
      }
    },
    "/faq": {
      "get": {
        "description": "Vista correspondiente a preguntas y respuestas frecuentes, siendo esta info ofrecida al usuario.",
        "responses": {
          "200": {
            "description": "Carga con éxito de la vista."
          },
          "500": {
            "description": "Posiblemente te falte algún archivo de imagen."
          }
        }
      }
    },
    "/favoritos": {
      "get": {
        "description": "Vista correspondiente a favoritos.",
        "responses": {
          "200": {
            "description": "Carga con éxito de la vista."
          }
        }
      }
    },
    "/favoritos/descargar-json": {
      "get": {
        "description": "Descarga archivo JSON de los parkings añadidos a favoritos del usuario.",
        "responses": {
          "200": {
            "description": "OK"
          }
        }
      }
    },
    "/favoritos/add": {
      "post": {
        "description": "Para poder añadir el parking como favorito y cargar la página de favoritos con el parking añadido.",
        "responses": {
          "200": {
            "description": "OK"
          }
        }
      }
    },
    "/favoritos/remove": {
      "post": {
        "description": "Para poder quitar el parking de favoritos, pregunta el servidor si quitarlo para confirmar esta acción, en caso afirmativo cargará la página de favoritos sin el parking.",
        "responses": {
          "200": {
            "description": "OK"
          }
        }
      }
    },
    "/parking/{._id}": {
      "get": {
        "description": "Vista del detelle del parking. Viéndose las propiedades (atributos) más destacables.",
        "parameters": [
          {
            "name": "._id",
            "in": "path",
            "required": true,
            "type": "string"
          }
        ],
        "responses": {
          "200": {
            "description": "OK"
          },
          "404": {
            "description": "Parking no encontrado"
          },
          "500": {
            "description": "Error al cargar el detalle del parking"
          }
        }
      }
    },
    "/buscar?tipo={tipo-busqueda-radio}&q={consulta-tecleada}": {
      "get": {
        "description": "Página de Búsqueda de parkings tras pulsar el botón 'Buscar' en la página principal y haber tecleado algo. Según los parámetros a introducir debido a la opción de búsqueda y lo escrito saldrán los datos de una manera u otra. Si es por radio-area salen los parkings cards, si es por radio-ca salen los parkings en cards dentro de arcordeones que tengan coincidencia con alguna Comunidad Autónoma. Por último la misma lógica de radio-ca para radio-provincia.",
        "parameters": [
          {
            "name": "tipo",
            "in": "/",
            "required": true,
            "type": "string"
          },
          {
            "name": "q",
            "in": "/",
            "required": true,
            "type": "string"
          }
        ],
        "responses": {
          "200": {
            "description": "ok"
          }
        }
      }
    }
  }
}